{
  "auroc_hbar": 0.5323791412271044,
  "auroc_pri": 0.5776198578720848,
  "auroc_joint": 0.6247622860574518,
  "tau_hbar": 2.540623023575438,
  "tau_pri": 0.5354441795807701,
  "joint_model_weights": {
    "w_hbar": 1.0269094056133212,
    "w_pri": 2.087628380189218,
    "intercept": -3.878761587428268
  },
  "best_precision_hbar": 0.5465116279069767,
  "best_precision_pri": 0.5906432748538012,
  "best_precision_joint": 0.5853658536585366
}