{
  "auroc_hbar": 0.88,
  "auroc_pri": 0.88,
  "auroc_joint": 0.88,
  "tau_hbar": 2.317014501921708,
  "tau_pri": 0.6279732083874434,
  "joint_model_weights": {
    "w_hbar": -0.00013444023098779773,
    "w_pri": 9.98269365774647e-05,
    "intercept": 3.9588583763445e-08
  },
  "best_precision_hbar": 0.7142857142857143,
  "best_precision_pri": 0.625,
  "best_precision_joint": 0.7142857142857143
}